{
    "name": "PocketMage",
    "version": "1.0.0",
    "description": "Library for managing the PocketMage.",
    "keywords": [
        "PocketMage",
        "assets",
        "library"
    ],
    "authors": [
        {
            "name": "Ashtf",
            "email": "ashtf.contact@gmail"
        },
        {
            "name": "SagarsGithub",
            "email": "sagarrafai31@gmail.com"
        }
    ],
    "license": "CC BY-NC-SA 4.0",
    "homepage": "https://pocketmage.org/",
    "repository": {
        "type": "git",
        "url": "https://github.com/ashtf8/PocketMage_PDA"
    },
    "frameworks": [
        "arduino"
    ],
    "platforms": [
        "espressif32"
    ]
}